0,194,91,33,288,0,0,194,91,33,288,0,0,0,0,0,0,0
1,175,112,22,56,2,1,179,112,18,176,4,1,165,1,9,5,3
2,181,27,28,315,3,2,185,63,24,315,1,2,166,6,10,2,4
3,186,132,7,320,4,3,190,132,11,320,2,3,167,3,15,3,1
4,168,136,37,324,1,4,8,136,30,324,3,4,172,4,12,4,2
8,191,139,40,176,5,6,197,139,31,56,5,7,169,5,13,1,5
5,192,63,42,328,6,7,199,27,32,328,6,8,170,2,14,6,6
6,193,142,15,329,7,8,200,142,3,329,7,5,171,7,11,7,7
7,4,143,44,330,8,5,172,143,34,330,8,6,168,8,16,8,8
9,243,85,18,84,10,9,243,81,22,204,12,9,9,45,1,13,11
10,258,14,24,371,11,10,258,46,28,371,9,10,10,50,2,10,12
11,268,96,3,376,12,11,268,88,15,376,10,11,11,47,7,11,9
12,222,100,30,380,9,12,38,89,37,380,11,12,16,48,4,12,10
16,277,103,31,204,13,14,277,90,40,84,13,15,13,49,5,9,13
13,279,50,32,384,14,15,279,10,42,384,14,16,14,46,6,14,14
14,280,106,11,385,15,16,280,92,7,385,15,13,15,51,3,15,15
15,38,107,34,386,16,13,222,93,44,386,16,14,12,52,8,16,16
17,230,21,17,111,24,17,234,53,17,231,19,17,201,57,17,26,30
18,235,117,1,116,25,18,239,109,9,236,25,18,202,54,22,31,18
19,203,121,19,120,17,19,23,110,19,240,30,19,207,55,19,35,24
23,240,124,20,20,26,21,246,111,20,20,35,22,204,56,20,20,31
20,241,57,21,124,27,22,248,17,21,244,36,23,205,53,21,39,32
21,242,127,9,125,28,23,249,113,1,245,37,20,206,58,18,40,33
22,19,128,23,126,29,20,207,114,23,246,38,21,203,59,23,41,34
24,250,32,2,426,30,24,254,60,10,426,17,24,208,68,28,24,19
25,209,36,25,430,18,25,29,61,25,430,18,25,213,72,25,25,25
29,255,39,26,231,31,27,261,62,26,111,20,28,210,75,26,17,35
26,256,6,27,434,32,28,263,2,27,434,21,29,211,63,27,27,36
27,257,42,10,435,33,29,264,64,2,435,22,26,212,78,24,28,37
28,25,43,29,436,34,26,213,65,29,436,23,27,209,79,29,29,38
30,214,146,4,440,19,30,34,130,12,440,24,30,218,66,37,30,17
34,265,149,5,236,35,32,271,131,13,116,26,33,215,67,40,18,20
31,266,68,6,444,36,33,273,24,14,444,27,34,216,60,42,32,21
32,267,152,0,445,37,34,274,133,0,445,28,31,217,69,33,33,22
33,30,153,8,446,38,31,218,134,16,446,29,32,214,70,44,34,23
38,219,155,35,240,20,36,41,135,35,120,31,37,225,71,35,19,26
35,220,72,36,450,21,37,43,25,36,450,32,38,227,61,36,36,27
36,221,158,12,451,22,38,44,137,4,451,33,35,228,73,30,37,28
37,12,159,38,452,23,35,16,138,38,452,34,36,222,74,38,38,29
41,275,75,39,244,39,42,282,26,39,124,39,44,223,62,39,21,39
43,276,161,13,245,40,43,283,140,5,125,40,40,224,76,31,22,40
44,35,162,41,246,41,39,225,141,41,126,41,42,219,77,41,23,41
39,278,78,14,456,42,44,284,28,6,456,42,41,226,64,32,42,42
40,36,79,43,457,43,40,227,29,43,457,43,43,220,65,43,43,43
42,37,164,16,458,44,41,228,144,8,458,44,39,221,80,34,44,44
45,327,81,118,49,46,45,327,85,118,165,48,45,45,9,45,169,47
46,342,10,133,294,47,46,342,50,133,285,45,46,46,14,46,166,48
47,352,88,69,299,48,47,352,96,97,286,46,47,47,11,51,167,45
48,306,89,147,303,45,48,74,100,147,287,47,48,52,12,48,168,46
52,361,90,150,169,49,50,361,103,150,45,49,51,49,13,49,165,49
49,363,46,152,307,50,51,363,14,152,289,50,52,50,10,50,170,50
50,364,92,97,308,51,52,364,106,69,290,51,49,51,15,47,171,51
51,74,93,154,309,52,49,306,107,154,291,52,50,48,16,52,172,52
53,314,17,113,62,60,53,318,57,109,173,55,53,285,21,81,182,66
54,319,109,58,67,61,54,323,117,82,174,61,54,286,18,86,187,54
55,287,110,122,71,53,55,59,121,115,175,66,55,291,19,83,191,60
59,324,111,125,5,62,57,330,124,116,1,71,58,288,20,84,176,67
56,325,53,127,75,63,58,332,21,117,177,72,59,289,17,85,195,68
57,326,113,86,76,64,59,333,127,54,178,73,56,290,22,82,196,69
58,55,114,129,77,65,56,291,128,119,179,74,57,287,23,87,197,70
60,334,24,64,335,66,60,338,68,88,313,53,60,292,32,92,180,55
61,293,25,137,339,54,61,65,72,130,314,54,61,297,36,89,181,61
65,339,26,140,182,67,63,345,75,131,53,56,64,294,39,90,173,71
62,340,2,142,343,68,64,347,6,132,316,57,65,295,27,91,183,72
63,341,28,92,344,69,65,348,78,60,317,58,62,296,42,88,184,73
64,61,29,144,345,70,62,297,79,134,318,59,63,293,43,93,185,74
66,298,130,73,349,55,66,70,146,94,319,60,66,302,30,101,186,53
70,349,131,76,187,71,68,355,149,95,54,62,69,299,31,104,174,56
67,350,60,78,353,72,69,357,32,96,321,63,70,300,24,106,188,57
68,351,133,51,354,73,70,358,152,47,322,64,67,301,33,97,189,58
69,66,134,80,355,74,67,302,153,98,323,65,68,298,34,108,190,59
74,303,135,156,191,56,72,77,155,145,55,67,73,309,35,99,175,62
71,304,61,158,359,57,73,79,36,146,325,68,74,311,25,100,192,63
72,305,137,101,360,58,74,80,158,66,326,69,71,312,37,94,193,64
73,48,138,160,361,59,71,52,159,148,327,70,72,306,38,102,194,65
77,359,62,161,195,75,78,366,39,149,57,75,80,307,26,103,177,75
79,360,140,104,196,76,79,367,161,67,58,76,76,308,40,95,178,76
80,71,141,163,197,77,75,309,162,151,59,77,78,303,41,105,179,77
75,362,64,106,365,78,80,368,42,68,331,78,77,310,28,96,198,78
76,72,65,164,366,79,76,311,43,153,332,79,79,304,29,107,199,79
78,73,144,108,367,80,77,312,164,70,333,80,75,305,44,98,200,80
81,433,9,109,90,88,81,433,45,113,201,83,81,81,85,53,210,94
82,443,82,54,95,89,82,443,82,86,202,89,82,82,82,58,215,82
83,383,83,115,99,81,83,123,83,122,203,94,83,87,83,55,219,88
87,452,84,116,13,90,85,452,84,125,9,99,86,84,84,56,204,95
84,454,45,117,103,91,86,454,9,127,205,100,87,85,81,57,223,96
85,455,86,82,104,92,87,455,86,58,206,101,84,86,86,54,224,97
86,123,87,119,105,93,84,383,87,129,207,102,85,83,87,59,225,98
88,463,11,60,391,94,88,463,47,92,369,81,88,88,96,64,208,83
89,398,12,130,395,82,89,138,48,137,370,82,89,93,100,61,209,89
93,472,13,131,210,95,91,472,49,140,81,84,92,90,103,62,201,99
90,474,0,132,399,96,92,474,0,142,372,85,93,91,91,63,211,100
91,475,15,88,400,97,93,475,51,64,373,86,90,92,106,60,212,101
92,138,16,134,401,98,90,398,52,144,374,87,91,89,107,65,213,102
94,408,94,66,405,83,94,148,94,101,375,88,94,98,94,73,214,81
98,482,95,67,215,99,96,482,95,104,82,90,97,95,95,76,202,84
95,484,47,68,409,100,97,484,11,106,377,91,98,96,88,78,216,85
96,485,97,47,410,101,98,485,97,51,378,92,95,97,97,69,217,86
97,148,98,70,411,102,95,408,98,108,379,93,96,94,98,80,218,87
102,417,99,145,219,84,100,157,99,156,83,95,101,105,99,71,203,90
99,419,48,146,415,85,101,159,12,158,381,96,102,107,89,72,220,91
100,420,101,94,416,86,102,160,101,73,382,97,99,108,101,66,221,92
101,102,102,148,417,87,99,102,102,160,383,98,100,102,102,74,222,93
105,491,49,149,223,103,106,491,13,161,85,103,108,103,90,75,205,103
107,492,104,95,224,104,107,492,104,76,86,104,104,104,104,67,206,104
108,157,105,151,225,105,103,417,105,163,87,105,106,99,105,77,207,105
103,493,51,96,421,106,108,493,15,78,387,106,105,106,92,68,226,106
104,159,52,153,422,107,104,419,16,164,388,107,107,100,93,79,227,107
106,160,108,98,423,108,105,420,108,80,389,108,103,101,108,70,228,108
109,425,18,53,131,130,109,429,54,81,229,110,109,369,117,113,251,115
110,370,19,110,135,109,110,114,55,110,230,115,110,374,121,110,255,130
114,430,20,111,26,131,112,436,56,111,17,120,113,371,124,111,231,145
111,431,1,112,139,132,113,438,1,112,232,121,114,372,112,112,259,146
112,432,22,81,140,133,114,439,58,53,233,122,111,373,127,109,260,147
113,110,23,114,141,134,111,374,59,114,234,123,112,370,128,114,261,148
115,375,115,55,145,110,115,119,115,83,235,130,115,379,115,122,265,109
119,440,116,56,31,135,117,446,116,84,18,135,118,376,116,125,236,116
116,441,54,57,149,136,118,448,18,85,237,136,119,377,109,127,269,117
117,442,118,45,150,137,119,449,118,45,238,137,116,378,118,118,270,118
118,115,119,59,151,138,116,379,119,87,239,138,117,375,119,129,271,119
123,380,120,120,35,111,121,126,120,120,19,145,122,386,120,120,240,131
120,381,55,121,155,112,122,128,19,121,241,146,123,388,110,121,275,132
121,382,122,83,156,113,123,129,122,55,242,147,120,389,122,115,276,133
122,83,123,123,157,114,120,87,123,123,243,148,121,383,123,123,277,134
126,450,56,124,39,139,127,457,20,124,21,155,129,384,111,124,244,149
128,451,125,84,40,140,128,458,125,56,22,156,125,385,125,116,245,150
129,120,126,126,41,141,124,386,126,126,23,157,127,380,126,126,246,151
124,453,58,85,161,142,129,459,22,57,247,158,126,387,113,117,281,152
125,121,59,128,162,143,125,388,23,128,248,159,128,381,114,128,282,153
127,122,129,87,163,144,126,389,129,59,249,160,124,382,129,119,283,154
130,390,30,61,460,115,130,134,66,89,425,109,130,394,146,137,250,110
134,460,31,62,251,145,132,466,67,90,109,111,133,391,149,140,229,120
131,461,3,63,464,146,133,468,3,91,427,112,134,392,132,142,252,121
132,462,33,46,465,147,134,469,69,46,428,113,131,393,152,133,253,122
133,130,34,65,466,148,131,394,70,93,429,114,132,390,153,144,254,123
138,395,35,135,255,116,136,141,71,135,110,116,137,401,155,135,230,135
135,396,4,136,470,117,137,143,4,136,431,117,138,403,136,136,256,136
136,397,37,89,471,118,138,144,73,61,432,118,135,404,158,130,257,137
137,89,38,138,472,119,135,93,74,138,433,119,136,398,159,138,258,138
141,470,5,139,259,149,142,477,5,139,112,124,144,399,139,139,232,155
143,471,40,90,260,150,143,478,76,62,113,125,140,400,161,131,233,156
144,135,41,141,261,151,139,401,77,141,114,126,142,395,162,141,234,157
139,473,7,91,476,152,144,479,7,63,437,127,141,402,142,132,262,158
140,136,8,143,477,153,140,403,8,143,438,128,143,396,143,143,263,159
142,137,44,93,478,154,141,404,80,65,439,129,139,397,164,134,264,160
148,405,145,71,265,120,146,151,145,99,115,131,147,411,145,156,235,111
145,406,66,72,480,121,147,153,30,100,441,132,148,413,130,158,266,112
146,407,147,48,481,122,148,154,147,48,442,133,145,414,147,147,267,113
147,94,148,74,482,123,145,98,148,102,443,134,146,408,148,160,268,114
151,480,67,75,269,155,152,487,31,103,117,139,154,409,131,161,237,124
153,481,150,49,270,156,153,488,150,49,118,140,150,410,150,150,238,125
154,145,151,77,271,157,149,411,151,105,119,141,152,405,151,163,239,126
149,483,69,50,486,158,154,489,33,50,447,142,151,412,133,152,272,127
150,146,70,79,487,159,150,413,34,107,448,143,153,406,134,164,273,128
152,147,154,52,488,160,151,414,154,52,449,144,149,407,154,154,274,129
157,415,71,155,275,124,158,162,35,155,121,149,160,422,135,155,241,139
159,416,156,99,276,125,159,163,156,71,122,150,156,423,156,145,242,140
160,99,157,157,277,126,155,105,157,157,123,151,158,417,157,157,243,141
155,418,73,100,490,127,160,164,37,72,453,152,157,424,137,146,278,142
156,100,74,159,491,128,156,107,38,159,454,153,159,419,138,159,279,143
158,101,160,102,492,129,157,108,160,74,455,154,155,420,160,148,280,144
162,490,76,103,281,161,164,494,40,75,127,161,163,421,140,149,247,161
163,155,77,162,282,162,161,422,41,162,128,162,164,415,141,162,248,162
164,156,163,105,283,163,162,423,163,77,129,163,161,416,163,151,249,163
161,158,80,107,494,164,163,424,44,79,459,164,162,418,144,153,284,164
165,179,372,238,45,166,165,175,372,238,169,168,165,1,165,165,49,167
166,185,211,253,285,167,166,181,295,253,294,165,166,2,170,166,46,168
167,190,392,189,286,168,167,186,392,217,299,166,167,3,167,171,47,165
168,172,396,267,287,165,168,4,396,267,303,167,168,8,168,168,48,166
172,197,399,270,165,169,170,191,399,270,49,169,171,5,169,169,45,169
169,199,295,272,289,170,171,192,211,272,307,170,172,6,166,170,50,170
170,200,402,217,290,171,172,193,402,189,308,171,169,7,171,167,51,171
171,8,403,274,291,172,169,168,403,274,309,172,170,4,172,172,52,172
173,173,232,233,53,180,173,173,316,229,182,175,173,173,177,201,62,186
174,174,427,178,54,181,174,174,427,202,187,181,174,174,174,206,67,174
175,165,431,242,55,173,175,1,431,235,191,186,175,179,175,203,71,180
179,176,434,245,1,182,177,176,434,236,5,191,178,176,176,204,56,187
176,177,316,247,57,183,178,177,232,237,195,192,179,177,173,205,75,188
177,178,437,206,58,184,179,178,437,174,196,193,176,178,178,202,76,189
178,1,438,249,59,185,176,165,438,239,197,194,177,175,179,207,77,190
180,180,252,184,313,186,180,180,336,208,335,173,180,180,188,212,60,175
181,166,256,257,314,174,181,2,340,250,339,174,181,185,192,209,61,181
185,182,259,260,173,187,183,182,343,251,62,176,184,182,195,210,53,191
182,183,183,262,316,188,184,183,183,252,343,177,185,183,183,211,63,192
183,184,262,212,317,189,185,184,346,180,344,178,182,184,198,208,64,193
184,2,263,264,318,190,182,166,347,254,345,179,183,181,199,213,65,194
186,167,461,193,319,175,186,3,461,214,349,180,186,190,186,221,66,173
190,187,464,196,174,191,188,187,464,215,67,182,189,187,187,224,54,176
187,188,336,198,321,192,189,188,252,216,353,183,190,188,180,226,68,177
188,189,467,171,322,193,190,189,467,167,354,184,187,189,189,217,69,178
189,3,468,200,323,194,187,167,468,218,355,185,188,186,190,228,70,179
194,169,470,276,175,176,192,5,470,265,71,187,193,197,191,219,55,182
191,170,340,278,325,177,193,6,256,266,359,188,194,199,181,220,72,183
192,171,473,221,326,178,194,7,473,186,360,189,191,200,193,214,73,184
193,0,474,280,327,179,191,0,474,268,361,190,192,194,194,222,74,185
197,195,343,281,177,195,198,195,259,269,75,195,200,195,182,223,57,195
199,196,476,224,178,196,199,196,476,187,76,196,196,196,196,215,58,196
200,5,477,283,179,197,195,169,477,271,77,197,198,191,197,225,59,197
195,198,346,226,331,198,200,198,262,188,365,198,197,198,184,216,78,198
196,6,347,284,332,199,196,170,263,273,366,199,199,192,185,227,79,199
198,7,479,228,333,200,197,171,479,190,367,200,195,193,200,218,80,200
201,234,205,229,81,208,201,230,285,233,210,203,201,17,289,173,90,214
202,239,377,174,82,209,202,235,369,206,215,209,202,18,286,178,95,202
203,207,381,235,83,201,203,19,370,242,219,214,203,23,287,175,99,208
207,246,384,236,9,210,205,240,371,245,13,219,206,20,288,176,84,215
204,248,289,237,85,211,206,241,201,247,223,220,207,21,285,177,103,216
205,249,387,202,86,212,207,242,373,178,224,221,204,22,290,174,104,217
206,23,388,239,87,213,204,203,374,249,225,222,205,19,291,179,105,218
208,254,216,180,369,214,208,250,292,212,391,201,208,24,300,184,88,203
209,213,220,250,370,202,209,25,293,257,395,202,209,29,304,181,89,209
213,261,223,251,201,215,211,255,294,260,90,204,212,26,307,182,81,219
210,263,170,252,372,216,212,256,166,262,399,205,213,27,295,183,91,220
211,264,226,208,373,217,213,257,296,184,400,206,210,28,310,180,92,221
212,29,227,254,374,218,210,209,297,264,401,207,211,25,311,185,93,222
214,218,406,186,375,203,214,30,390,221,405,208,214,34,298,193,94,201
218,271,409,187,202,219,216,265,391,224,95,210,217,31,299,196,82,204
215,273,300,188,377,220,217,266,208,226,409,211,218,32,292,198,96,205
216,274,412,167,378,221,218,267,393,171,410,212,215,33,301,189,97,206
217,34,413,190,379,222,215,214,394,228,411,213,216,30,302,200,98,207
222,225,415,265,203,204,220,35,395,276,99,215,221,41,303,191,83,210
219,227,304,266,381,205,221,36,209,278,415,216,222,43,293,192,100,211
220,228,418,214,382,206,222,37,397,193,416,217,219,44,305,186,101,212
221,16,419,268,383,207,219,12,398,280,417,218,220,38,306,194,102,213
225,282,307,269,205,223,226,275,210,281,103,223,228,39,294,195,85,223
227,283,421,215,206,224,227,276,400,196,104,224,224,40,308,187,86,224
228,41,422,271,207,225,223,219,401,283,105,225,226,35,309,197,87,225
223,284,310,216,387,226,228,278,212,198,421,226,225,42,296,188,106,226
224,43,311,273,388,227,224,220,213,284,422,227,227,36,297,199,107,227
226,44,424,218,389,228,225,221,404,200,423,228,223,37,312,190,108,228
229,229,237,173,109,250,229,229,313,201,251,230,229,229,321,233,131,235
230,201,241,230,110,229,230,17,314,230,255,235,230,234,325,230,135,250
234,231,244,231,17,251,232,231,315,231,26,240,233,231,328,231,111,265
231,232,177,232,112,252,233,232,173,232,259,241,234,232,316,232,139,266
232,233,247,201,113,253,234,233,317,173,260,242,231,233,331,229,140,267
233,17,248,234,114,254,231,201,318,234,261,243,232,230,332,234,141,268
235,202,441,175,115,230,235,18,425,203,265,250,235,239,319,242,145,229
239,236,444,176,18,255,237,236,426,204,31,255,238,236,320,245,116,236
236,237,321,177,117,256,238,237,229,205,269,256,239,237,313,247,149,237
237,238,447,165,118,257,239,238,428,165,270,257,236,238,322,238,150,238
238,18,448,179,119,258,236,202,429,207,271,258,237,235,323,249,151,239
243,204,450,240,19,231,241,20,430,240,35,265,242,246,324,240,120,251
240,205,325,241,121,232,242,21,230,241,275,266,243,248,314,241,155,252
241,206,453,203,122,233,243,22,432,175,276,267,240,249,326,235,156,253
242,9,454,243,123,234,240,9,433,243,277,268,241,243,327,243,157,254
246,244,328,244,21,259,247,244,231,244,39,275,249,244,315,244,124,269
248,245,456,204,22,260,248,245,435,176,40,276,245,245,329,236,125,270
249,20,457,246,23,261,244,204,436,246,41,277,247,240,330,246,126,271
244,247,331,205,127,262,249,247,233,177,281,278,246,247,317,237,161,272
245,21,332,248,128,263,245,205,234,248,282,279,248,241,318,248,162,273
247,22,459,207,129,264,246,206,439,179,283,280,244,242,333,239,163,274
250,208,266,181,425,235,250,24,334,209,460,229,250,254,350,257,130,230
254,251,269,182,229,265,252,251,335,210,131,231,253,251,353,260,109,240
251,252,188,183,427,266,253,252,180,211,464,232,254,252,336,262,132,241
252,253,272,166,428,267,254,253,337,166,465,233,251,253,356,253,133,242
253,24,273,185,429,268,251,208,338,213,466,234,252,250,357,264,134,243
258,210,275,255,230,236,256,26,339,255,135,236,257,261,359,255,110,255
255,211,192,256,431,237,257,27,181,256,470,237,258,263,340,256,136,256
256,212,278,209,432,238,258,28,341,181,471,238,255,264,362,250,137,257
257,10,279,258,433,239,255,10,342,258,472,239,256,258,363,258,138,258
261,259,195,259,232,269,262,259,182,259,139,244,264,259,343,259,112,275
263,260,281,210,233,270,263,260,344,182,140,245,260,260,365,251,113,276
264,26,282,261,234,271,259,210,345,261,141,246,262,255,366,261,114,277
259,262,198,211,437,272,264,262,184,183,476,247,261,262,346,252,142,278
260,27,199,263,438,273,260,211,185,263,477,248,263,256,347,263,143,279
262,28,284,213,439,274,261,212,348,185,478,249,259,257,368,254,144,280
268,215,480,191,235,240,266,31,460,219,145,251,267,271,349,276,115,231
265,216,350,192,441,241,267,32,250,220,480,252,268,273,334,278,146,232
266,217,483,168,442,242,268,33,462,168,481,253,265,274,351,267,147,233
267,11,484,194,443,243,265,11,463,222,482,254,266,268,352,280,148,234
271,269,353,195,237,275,272,269,251,223,149,259,274,269,335,281,117,244
273,270,486,169,238,276,273,270,465,169,150,260,270,270,354,270,118,245
274,31,487,197,239,277,269,215,466,225,151,261,272,265,355,283,119,246
269,272,356,170,447,278,274,272,253,170,486,262,271,272,337,272,152,247
270,32,357,199,448,279,270,216,254,227,487,263,273,266,338,284,153,248
272,33,489,172,449,280,271,217,469,172,488,264,269,267,358,274,154,249
277,223,359,275,241,244,278,39,255,275,155,269,280,282,339,275,121,259
279,224,490,219,242,245,279,40,471,191,156,270,276,283,360,265,122,260
280,13,491,277,243,246,275,13,472,277,157,271,278,277,361,277,123,261
275,226,362,220,453,247,280,42,257,192,490,272,277,284,341,266,158,262
276,14,363,279,454,248,276,14,258,279,491,273,279,279,342,279,159,263
278,15,493,222,455,249,277,15,475,194,492,274,275,280,364,268,160,264
282,281,365,223,247,281,284,281,260,195,161,281,283,281,344,269,127,281
283,39,366,282,248,282,281,223,261,282,162,282,284,275,345,282,128,282
284,40,494,225,249,283,282,224,478,197,163,283,281,276,367,271,129,283
281,42,368,227,459,284,283,226,264,199,494,284,282,278,348,273,164,284
285,318,201,428,46,292,285,314,289,428,166,287,285,53,205,285,294,298
286,323,369,322,47,293,286,319,377,378,167,293,286,54,202,290,299,286
287,291,370,442,48,285,287,55,381,442,168,298,287,59,203,287,303,292
291,330,371,445,0,294,289,324,384,445,0,303,290,56,204,288,288,299
288,332,285,447,50,295,290,325,205,447,170,304,291,57,201,289,307,300
289,333,373,378,51,296,291,326,387,322,171,305,288,58,206,286,308,301
290,59,374,449,52,297,288,287,388,449,172,306,289,55,207,291,309,302
292,338,208,337,292,298,292,334,300,393,292,285,292,60,216,296,292,287
293,297,209,462,293,286,293,61,304,462,293,286,293,65,220,293,293,293
297,345,210,465,166,299,295,339,307,465,46,288,296,62,223,294,285,303
294,347,166,467,295,300,296,340,170,467,295,289,297,63,211,295,295,304
295,348,212,393,296,301,297,341,310,337,296,290,294,64,226,292,296,305
296,65,213,469,297,302,294,293,311,469,297,291,295,61,227,297,297,306
298,302,390,351,298,287,298,66,406,407,298,292,298,70,214,305,298,285
302,355,391,354,167,303,300,349,409,410,47,294,301,67,215,308,286,288
299,357,292,356,300,304,301,350,216,412,300,295,302,68,208,310,300,289
300,358,393,301,301,305,302,351,412,301,301,296,299,69,217,301,301,290
301,70,394,358,302,306,299,298,413,414,302,297,300,66,218,312,302,291
306,309,395,481,168,288,304,71,415,481,48,299,305,77,219,303,287,294
303,311,293,483,304,289,305,72,220,483,304,300,306,79,209,304,304,295
304,312,397,407,305,290,306,73,418,351,305,301,303,80,221,298,305,296
305,52,398,485,306,291,303,48,419,485,306,302,304,74,222,306,306,297
309,366,294,486,170,307,310,359,223,486,50,307,312,75,210,307,289,307
311,367,400,410,171,308,311,360,421,354,51,308,308,76,224,299,290,308
312,77,401,488,172,309,307,303,422,488,52,309,310,71,225,309,291,309
307,368,296,412,310,310,312,362,226,356,310,310,309,78,212,300,310,310
308,79,297,489,311,311,308,304,227,489,311,311,311,72,213,311,311,311
310,80,404,414,312,312,309,305,424,358,312,312,307,73,228,302,312,312
313,313,229,317,60,334,313,313,321,369,180,314,313,313,237,373,335,319
314,285,230,432,61,313,314,53,325,425,181,319,314,318,241,370,339,334
318,315,231,435,2,335,316,315,328,426,2,324,317,315,244,371,315,349
315,316,173,437,63,336,317,316,177,427,183,325,318,316,232,372,343,350
316,317,233,373,64,337,318,317,331,313,184,326,315,317,247,369,344,351
317,53,234,439,65,338,315,285,332,429,185,327,316,314,248,374,345,352
319,286,425,326,66,314,319,54,441,375,186,334,319,323,235,382,349,313
323,320,426,329,3,339,321,320,444,376,3,339,322,320,236,385,320,320
320,321,313,331,68,340,322,321,237,377,188,340,323,321,229,387,353,321
321,322,428,290,69,341,323,322,447,286,189,341,320,322,238,378,354,322
322,54,429,333,70,342,320,286,448,379,190,342,321,319,239,389,355,323
327,288,430,451,4,315,325,56,450,440,4,349,326,330,240,380,324,335
324,289,314,453,72,316,326,57,241,441,192,350,327,332,230,381,359,336
325,290,432,382,73,317,327,58,453,319,193,351,324,333,242,375,360,337
326,45,433,455,74,318,324,45,454,443,194,352,325,327,243,383,361,338
330,328,315,456,6,343,331,328,244,444,6,359,333,328,231,384,328,353
332,329,435,385,7,344,332,329,456,320,7,360,329,329,245,376,329,354
333,56,436,458,8,345,328,288,457,446,8,361,331,324,246,386,330,355
328,331,317,387,78,346,333,331,247,321,198,362,330,331,233,377,365,356
329,57,318,459,79,347,329,289,248,448,199,363,332,325,234,388,366,357
331,58,439,389,80,348,330,290,459,323,200,364,328,326,249,379,367,358
334,292,250,341,334,319,334,60,350,390,334,313,334,338,266,397,334,314
338,335,251,344,180,349,336,335,353,391,60,315,337,335,269,400,313,324
335,336,180,346,336,350,337,336,188,392,336,316,338,336,252,402,336,325
336,337,253,296,337,351,338,337,356,292,337,317,335,337,272,393,337,326
337,60,254,348,338,352,335,292,357,394,338,318,336,334,273,404,338,327
342,294,255,471,181,320,340,62,359,460,61,320,341,345,275,395,314,339
339,295,181,473,340,321,341,63,192,461,340,321,342,347,256,396,340,340
340,296,257,397,341,322,342,64,362,334,341,322,339,348,278,390,341,341
341,46,258,475,342,323,339,46,363,463,342,323,340,342,279,398,342,342
345,343,182,476,183,353,346,343,195,464,63,328,348,343,259,399,316,359
347,344,260,400,184,354,347,344,365,335,64,329,344,344,281,391,317,360
348,62,261,478,185,355,343,294,366,466,65,330,346,339,282,401,318,361
343,346,184,402,346,356,348,346,198,336,346,331,345,346,262,392,346,362
344,63,185,479,347,357,344,295,199,468,347,332,347,340,263,403,347,363
346,64,264,404,348,358,345,296,368,338,348,333,343,341,284,394,348,364
352,299,460,360,186,324,350,67,480,405,66,335,351,355,265,416,319,315
349,300,334,362,350,325,351,68,266,406,350,336,352,357,250,418,350,316
350,301,462,305,351,326,352,69,483,298,351,337,349,358,267,407,351,317
351,47,463,364,352,327,349,47,484,408,352,338,350,352,268,420,352,318
355,353,335,365,188,359,356,353,269,409,68,343,358,353,251,421,321,328
357,354,465,308,189,360,357,354,486,299,69,344,354,354,270,410,322,329
358,67,466,367,190,361,353,299,487,411,70,345,356,349,271,423,323,330
353,356,337,310,356,362,358,356,272,300,356,346,355,356,253,412,356,331
354,68,338,368,357,363,354,300,273,413,357,347,357,350,254,424,357,332
356,69,469,312,358,364,355,301,489,302,358,348,353,351,274,414,358,333
361,307,339,490,192,328,362,75,275,480,72,353,364,366,255,415,325,343
363,308,471,416,193,329,363,76,490,349,73,354,360,367,276,405,326,344
364,49,472,492,194,330,359,49,491,482,74,355,362,361,277,417,327,345
359,310,341,418,362,331,364,78,278,350,362,356,361,368,257,406,362,346
360,50,342,493,363,332,360,50,279,484,363,357,363,363,258,419,363,347
362,51,475,420,364,333,361,51,493,352,364,358,359,364,280,408,364,348
366,365,344,421,198,365,368,365,281,353,78,365,367,365,260,409,331,365
367,75,345,494,199,366,365,307,282,487,79,366,368,359,261,422,332,366
368,76,478,423,200,367,366,308,494,355,80,367,365,360,283,411,333,367
365,78,348,424,368,368,367,310,284,357,368,368,366,362,264,413,368,368
369,429,202,313,88,390,369,425,286,373,208,370,369,109,377,317,391,375
370,374,203,425,89,369,370,110,287,432,209,375,370,114,381,314,395,390
374,436,204,426,10,391,372,430,288,435,10,380,373,111,384,315,371,405
371,438,165,427,91,392,373,431,165,437,211,381,374,112,372,316,399,406
372,439,206,369,92,393,374,432,290,317,212,382,371,113,387,313,400,407
373,114,207,429,93,394,371,370,291,439,213,383,372,110,388,318,401,408
375,379,375,319,94,370,375,115,375,382,214,390,375,119,375,326,405,369
379,446,376,320,11,395,377,440,376,385,11,395,378,116,376,329,376,376
376,448,286,321,96,396,378,441,202,387,216,396,379,117,369,331,409,377
377,449,378,286,97,397,379,442,378,290,217,397,376,118,378,322,410,378
378,119,379,323,98,398,376,375,379,389,218,398,377,115,379,333,411,379
383,386,380,440,12,371,381,120,380,451,12,405,382,126,380,324,380,391
380,388,287,441,100,372,382,121,203,453,220,406,383,128,370,325,415,392
381,389,382,375,101,373,383,122,382,326,221,407,380,129,382,319,416,393
382,87,383,443,102,374,380,83,383,455,222,408,381,123,383,327,417,394
386,457,288,444,14,399,387,450,204,456,14,415,389,124,371,328,384,409
388,458,385,376,15,400,388,451,385,329,15,416,385,125,385,320,385,410
389,126,386,446,16,401,384,380,386,458,16,417,387,120,386,330,386,411
384,459,290,377,106,402,389,453,206,331,226,418,386,127,373,321,421,412
385,128,291,448,107,403,385,381,207,459,227,419,388,121,374,332,422,413
387,129,389,379,108,404,386,382,389,333,228,420,384,122,389,323,423,414
390,394,214,334,390,375,390,130,298,397,390,369,390,134,406,341,390,370
394,466,215,335,208,405,392,460,299,400,88,371,393,131,409,344,369,380
391,468,167,336,392,406,393,461,167,402,392,372,394,132,392,346,392,381
392,469,217,292,393,407,394,462,301,296,393,373,391,133,412,337,393,382
393,134,218,338,394,408,391,390,302,404,394,374,392,130,413,348,394,383
398,401,219,460,209,376,396,135,303,471,89,376,397,141,415,339,370,395
395,403,168,461,396,377,397,136,168,473,396,377,398,143,396,340,396,396
396,404,221,390,397,378,398,137,305,341,397,378,395,144,418,334,397,397
397,93,222,463,398,379,395,89,306,475,398,379,396,138,419,342,398,398
401,477,169,464,211,409,402,470,169,476,91,384,404,139,399,343,372,415
403,478,224,391,212,410,403,471,308,344,92,385,400,140,421,335,373,416
404,141,225,466,213,411,399,395,309,478,93,386,402,135,422,345,374,417
399,479,171,392,402,412,404,473,171,346,402,387,401,142,402,336,402,418
400,143,172,468,403,413,400,396,172,479,403,388,403,136,403,347,403,419
402,144,228,394,404,414,401,397,312,348,404,389,399,137,424,338,404,420
408,411,405,349,214,380,406,145,405,416,94,391,407,151,405,360,375,371
405,413,298,350,406,381,407,146,214,418,406,392,408,153,390,362,406,372
406,414,407,298,407,382,408,147,407,305,407,393,405,154,407,351,407,373
407,98,408,352,408,383,405,94,408,420,408,394,406,148,408,364,408,374
411,487,299,353,216,415,412,480,215,421,96,399,414,149,391,365,377,384
413,488,410,299,217,416,413,481,410,308,97,400,410,150,410,354,378,385
414,151,411,355,218,417,409,405,411,423,98,401,412,145,411,367,379,386
409,489,301,300,412,418,414,483,217,310,412,402,411,152,393,356,412,387
410,153,302,357,413,419,410,406,218,424,413,403,413,146,394,368,413,388
412,154,414,302,414,420,411,407,414,312,414,404,409,147,414,358,414,389
417,422,303,480,220,384,418,155,219,490,100,409,420,162,395,359,381,399
419,423,416,405,221,385,419,156,416,360,101,410,416,163,416,349,382,400
420,105,417,482,222,386,415,99,417,492,102,411,418,157,417,361,383,401
415,424,305,406,418,387,420,158,221,362,418,412,417,164,397,350,418,402
416,107,306,484,419,388,416,100,222,493,419,413,419,159,398,363,419,403
418,108,420,408,420,389,417,101,420,364,420,414,415,160,420,352,420,404
422,494,308,409,226,421,424,490,224,365,106,421,423,161,400,353,387,421
423,162,309,487,227,422,421,415,225,494,107,422,424,155,401,366,388,422
424,163,423,411,228,423,422,416,423,367,108,423,421,156,423,355,389,423
421,164,312,413,424,424,423,418,228,368,424,424,422,158,404,357,424,424
425,369,235,314,130,425,425,109,319,370,250,425,425,429,441,432,460,425
429,426,236,315,24,460,427,426,320,371,24,430,428,426,444,435,426,440
426,427,174,316,132,461,428,427,174,372,252,431,429,427,427,437,464,441
427,428,238,285,133,462,429,428,322,285,253,432,426,428,447,428,465,442
428,109,239,318,134,463,426,369,323,374,254,433,427,425,448,439,466,443
433,371,240,430,25,426,431,111,324,430,25,440,432,436,450,430,430,460
430,372,175,431,136,427,432,112,175,431,256,441,433,438,431,431,470,461
431,373,242,370,137,428,433,113,326,314,257,442,430,439,453,425,471,462
432,81,243,433,138,429,430,81,327,433,258,443,431,433,454,433,472,463
436,434,176,434,27,464,437,434,176,434,27,450,439,434,434,434,434,480
438,435,245,371,28,465,438,435,329,315,28,451,435,435,456,426,435,481
439,111,246,436,29,466,434,371,330,436,29,452,437,430,457,436,436,482
434,437,178,372,142,467,439,437,178,316,262,453,436,437,437,427,476,483
435,112,179,438,143,468,435,372,179,438,263,454,438,431,438,438,477,484
437,113,249,374,144,469,436,373,333,318,264,455,434,432,459,429,478,485
443,376,440,324,30,430,441,116,440,380,30,460,442,446,440,451,440,426
440,377,319,325,146,431,442,117,235,381,266,461,443,448,425,453,480,427
441,378,442,287,147,432,443,118,442,287,267,462,440,449,442,442,481,428
442,82,443,327,148,433,440,82,443,383,268,463,441,443,443,455,482,429
446,444,320,328,32,470,447,444,236,384,32,470,449,444,426,456,444,444
448,445,445,288,33,471,448,445,445,288,33,471,445,445,445,445,445,445
449,116,446,330,34,472,444,376,446,386,34,472,447,440,446,458,446,446
444,447,322,289,152,473,449,447,238,289,272,473,446,447,428,447,486,447
445,117,323,332,153,474,445,377,239,388,273,474,448,441,429,459,487,448
447,118,449,291,154,475,446,378,449,291,274,475,444,442,449,449,488,449
452,384,324,450,36,434,453,124,240,450,36,480,455,457,430,450,450,464
454,385,451,380,37,435,454,125,451,324,37,481,451,458,451,440,451,465
455,84,452,452,38,436,450,84,452,452,38,482,453,452,452,452,452,466
450,387,326,381,158,437,455,127,242,325,278,483,452,459,432,441,490,467
451,85,327,454,159,438,451,85,243,454,279,484,454,454,433,454,491,468
453,86,455,383,160,439,452,86,455,327,280,485,450,455,455,443,492,469
457,456,329,384,42,476,459,456,245,328,42,490,458,456,435,444,456,486
458,124,330,457,43,477,456,384,246,457,43,491,459,450,436,457,457,487
459,125,458,386,44,478,457,385,458,330,44,492,456,451,458,446,458,488
456,127,333,388,164,479,458,387,249,332,284,493,457,453,439,448,494,489
463,391,265,339,250,440,461,131,349,395,130,426,462,466,480,471,425,430
460,392,186,340,461,441,462,132,186,396,461,427,463,468,461,473,461,431
461,393,267,293,462,442,463,133,351,293,462,428,460,469,483,462,462,432
462,88,268,342,463,443,460,88,352,398,463,429,461,463,484,475,463,433
466,464,187,343,252,480,467,464,187,399,132,434,469,464,464,476,427,450
468,465,270,294,253,481,468,465,354,294,133,435,465,465,486,465,428,451
469,131,271,345,254,482,464,391,355,401,134,436,467,460,487,478,429,452
464,467,189,295,467,483,469,467,189,295,467,437,466,467,467,467,467,453
465,132,190,347,468,484,465,392,190,403,468,438,468,461,468,479,468,454
467,133,274,297,469,485,466,393,358,297,469,439,464,462,489,469,469,455
472,399,191,470,256,444,473,139,191,470,136,444,475,477,470,470,431,470
474,400,276,395,257,445,474,140,360,339,137,445,471,478,490,460,432,471
475,90,277,472,258,446,470,90,361,472,138,446,473,472,491,472,433,472
470,402,193,396,473,447,475,142,193,340,473,447,472,479,473,461,473,473
471,91,194,474,474,448,471,91,194,474,474,448,474,474,474,474,474,474
473,92,280,398,475,449,472,92,364,342,475,449,470,475,493,463,475,475
477,476,196,399,262,486,479,476,196,343,142,456,478,476,476,464,437,490
478,139,197,477,263,487,476,399,197,477,143,457,479,470,477,477,438,491
479,140,283,401,264,488,477,400,367,345,144,458,476,471,494,466,439,492
476,142,200,403,479,489,478,402,200,347,479,459,477,473,479,468,479,493
482,409,349,359,266,450,483,149,265,415,146,464,485,487,460,490,441,434
484,410,481,303,267,451,484,150,481,303,147,465,481,488,481,481,442,435
485,95,482,361,268,452,480,95,482,417,148,466,483,482,482,492,443,436
480,412,351,304,483,453,485,152,267,304,483,467,482,489,462,483,483,437
481,96,352,363,484,454,481,96,268,419,484,468,484,484,463,493,484,438
483,97,485,306,485,455,482,97,485,306,485,469,480,485,485,485,485,439
487,486,354,307,272,490,489,486,270,307,152,476,488,486,465,486,447,456
488,149,355,366,273,491,486,409,271,422,153,477,489,480,466,494,448,457
489,150,488,309,274,492,487,410,488,309,154,478,486,481,488,488,449,458
486,152,358,311,489,493,488,412,274,311,489,479,487,483,469,489,489,459
491,421,360,415,278,456,493,161,276,359,158,486,492,494,471,480,453,476
492,103,361,491,279,457,490,103,277,491,159,487,493,491,472,491,454,477
493,104,492,417,280,458,491,104,492,361,160,488,490,492,492,482,455,478
490,106,364,419,493,459,492,106,280,363,493,489,491,493,475,484,493,479
494,161,367,422,284,494,494,421,283,366,164,494,494,490,478,487,459,494
